{
  "gizmos-infos": {
    "is2D": false,
    "is3DIcon": false,
    "iconSize": 2,
    "gridVisible": true,
    "gridColor": [
      150,
      150,
      150,
      255
    ],
    "isIconGizmo3D": false,
    "iconGizmoSize": 2,
    "isGridVisible": true
  },
  "68xjU+qvVE65J0xnadvhVj": {
    "layer": 0,
    "sculpt_brush": "",
    "paint_brush": "",
    "sculpt": {
      "radius": 5,
      "strength": 5
    },
    "paint": {
      "radius": 5,
      "strength": 5,
      "falloff": 1
    }
  },
  "float-window": {
    "position": {
      "cc": {
        "Terrain": {
          "dock": false,
          "top": null,
          "bottom": 10,
          "left": null,
          "right": 10
        },
        "Camera": {
          "dock": false,
          "top": null,
          "bottom": 10,
          "left": null,
          "right": 10
        },
        "ParticleSystem": {
          "dock": false,
          "top": null,
          "bottom": 10,
          "left": null,
          "right": 10
        }
      }
    }
  },
  "camera-infos": {
    "f46876e4-e81b-4931-b493-6d367be385e7": {
      "position": {
        "x": 50,
        "y": 50,
        "z": 50
      },
      "rotation": {
        "x": -0.27984814233312133,
        "y": 0.3647051996310009,
        "z": 0.11591689595929514,
        "w": 0.8804762392171493
      },
      "viewCenter": {
        "x": 0,
        "y": 0,
        "z": 0
      }
    },
    "328d6691-7850-4966-95b0-f995e45ab755": {
      "position": {
        "x": 17.860565512917198,
        "y": 10.16128872762703,
        "z": 46.85433451304441
      },
      "rotation": {
        "x": -0.1351141020183877,
        "y": 0.010781566156339295,
        "z": 0.0014703136348210386,
        "w": 0.9907702839197019
      },
      "viewCenter": {
        "x": 17.283878845634163,
        "y": 2.7964536267402673,
        "z": 20.360207610843606
      }
    },
    "9a3639d5-b755-42d5-a73e-2147a0cccd1b": {
      "position": {
        "x": 13.238218755717412,
        "y": 1.6403209199855802,
        "z": 1.0311391416333038
      },
      "rotation": {
        "x": 0.018345179761363885,
        "y": 0.6811386611785719,
        "z": -0.017076914903197633,
        "w": 0.7317253293448129
      },
      "viewCenter": {
        "x": -1.1650487815657673,
        "y": 2.3648427276274417,
        "z": -0.001583846351675522
      }
    },
    "bb505e61-e193-475e-a260-498c029b54d5": {
      "position": {
        "x": 10.652635270357365,
        "y": 2.658574081838408,
        "z": -0.38217324874897507
      },
      "rotation": {
        "x": -0.011492888648938913,
        "y": 0.6955617287033362,
        "z": 0.011129256367875512,
        "w": 0.7182881975408115
      },
      "viewCenter": {
        "x": -0.2723526626658561,
        "y": 2.3086957442584253,
        "z": -0.7334843204306762
      }
    },
    "e325986b-d668-40b4-bd58-5662445b19e3": {
      "position": {
        "x": -0.0522386591934918,
        "y": 2.3867273119302794,
        "z": 8.3865216675471
      },
      "rotation": {
        "x": -0.003907103222736819,
        "y": -0.016458968839061543,
        "z": -0.0000643160943026584,
        "w": 0.9998569061374181
      },
      "viewCenter": {
        "x": 0.24559958165464213,
        "y": 2.3160049072574718,
        "z": -0.6576332156326483
      }
    },
    "9604eaa0-e8ab-4113-9898-3c3293ae85b4": {
      "position": {
        "x": 6.826948163289198,
        "y": 4.3569951148797585,
        "z": 10.591794458485879
      },
      "rotation": {
        "x": -0.10480594936529587,
        "y": 0.06146167494046946,
        "z": 0.0064897653579684385,
        "w": 0.9925704299629069
      },
      "viewCenter": {
        "x": 5.43731992243722,
        "y": 1.9514611109443019,
        "z": -0.5860268143697489
      }
    },
    "8034a3ab-ff47-46aa-a179-8af6c888c734": {
      "position": {
        "x": 33.74407674687855,
        "y": 6.728802000464405,
        "z": 78.19160643396948
      },
      "rotation": {
        "x": -0.043766122100266605,
        "y": -0.04002402885515448,
        "z": -0.0017543849620572914,
        "w": 0.998238210951623
      },
      "viewCenter": {
        "x": 37.34341327236446,
        "y": 2.779024865343062,
        "z": 33.378306418877905
      }
    },
    "483de5fb-fa00-4444-a38f-5fddac612ae3": {
      "position": {
        "x": 50.046521357849,
        "y": 18.150640130071313,
        "z": 12.145146381351857
      },
      "rotation": {
        "x": -0.03557289954281184,
        "y": 0.716114482383932,
        "z": 0.03659493911939182,
        "w": 0.6961145217333111
      },
      "viewCenter": {
        "x": 24.018947172226376,
        "y": 15.482478856737762,
        "z": 12.882498300142105
      }
    },
    "d96eccdf-5a58-42c3-86b3-1916abf2e458": {
      "position": {
        "x": 16.56483803551659,
        "y": 11.338425334729662,
        "z": 63.2860714797575
      },
      "rotation": {
        "x": -0.20589912484007966,
        "y": 0.005933603192772359,
        "z": 0.0012484984582715169,
        "w": 0.9785544358873655
      },
      "viewCenter": {
        "x": 16.22021434117513,
        "y": -1.1746266948256814,
        "z": 34.86989377501986
      }
    }
  },
  "camera-uuids": [
    "d96eccdf-5a58-42c3-86b3-1916abf2e458"
  ],
  "d81+mK2a9PrYVLmHHJAd2j": {
    "layer": 0,
    "sculpt_brush": "",
    "paint_brush": "",
    "sculpt": {
      "radius": 5,
      "strength": 5
    },
    "paint": {
      "radius": 5,
      "strength": 5
    }
  },
  "16ufcQyFtE8JmrMbn8UIYX": {
    "sculpt_brush": "",
    "paint_brush": "",
    "sculpt": {
      "radius": 5,
      "strength": 5
    },
    "paint": {
      "radius": 5,
      "strength": 5
    }
  },
  "9d8kwMiBRM1YSamqfHWDgG": {
    "sculpt_brush": "",
    "paint_brush": "",
    "sculpt": {
      "radius": 5,
      "strength": 5
    },
    "paint": {
      "radius": 5,
      "strength": 5
    },
    "layer": 0
  },
  "97RUEBszJItLVYOi+2Dbp3": {
    "sculpt": {
      "radius": 5,
      "strength": 5
    },
    "paint": {
      "radius": 5,
      "strength": 5
    },
    "sculpt_brush": "",
    "paint_brush": ""
  },
  "c4wkHSdWZFY409zFImKH25": {
    "sculpt_brush": "",
    "paint_brush": "",
    "sculpt": {
      "radius": 5,
      "strength": 5
    },
    "paint": {
      "radius": 5,
      "strength": 5
    }
  },
  "f0Sw75ejdAwrVe75X7Pfhh": {
    "layer": 1,
    "sculpt_brush": "",
    "paint_brush": "",
    "sculpt": {
      "radius": 5,
      "strength": 5
    },
    "paint": {
      "radius": 5,
      "strength": 5
    }
  },
  "cd+P2n7rxCX4ij5rnNOxIE": {
    "sculpt_brush": "",
    "paint_brush": "",
    "sculpt": {
      "radius": 5,
      "strength": 5
    },
    "paint": {
      "radius": 5,
      "strength": 5
    },
    "layer": 0
  },
  "06+xBp1UhFqrvbzpuu9IQu": {
    "sculpt_brush": "",
    "paint_brush": "",
    "sculpt": {
      "radius": 5,
      "strength": 5
    },
    "paint": {
      "radius": 5,
      "strength": 5
    }
  }
}
